"Target Namespace","Normative Location","Directory Structure"
"","","remappings/"
"","","","remappingsCatalog.xml"
"","","xbrl.iasb.org/"
"","","","taxonomy/"
"","","","","2009-04-01/"
"","","","","","ifrs/"
"","","","","","","ias_16_2009-04-01/"
"","","","","","","","cal_ias_16_2009-04-01_role-822130.xml"
"","","","","","","","def_ias_16_2009-04-01_role-822100.xml"
"","","","","","","","pre_ias_16_2009-04-01_role-822120.xml"
"","","","","","","","pre_ias_16_2009-04-01_role-822130.xml"
"","","","","","","","cal_ias_16_2009-04-01_role-822120.xml"
"","","","","","","","pre_ias_16_2009-04-01_role-822110.xml"
"","","","","","","","pre_ias_16_2009-04-01_role-822160.xml"
"","","","","","","","pre_ias_16_2009-04-01_role-822170.xml"
"","","","","","","","def_ias_16_2009-04-01_role-822140.xml"
"","","","","","","","def_ias_16_2009-04-01_role-822120.xml"
"","","","","","","","def_ias_16_2009-04-01_role-822110.xml"
"","","","","","","","cal_ias_16_2009-04-01_role-822140.xml"
"","","","","","","","cal_ias_16_2009-04-01_role-822150.xml"
"","","","","","","","def_ias_16_2009-04-01_role-822160.xml"
"","","","","","","","pre_ias_16_2009-04-01_role-822140.xml"
"http://xbrl.iasb.org/role/ifrs/rol_ias_16_2009-04-01","http://xbrl.iasb.org/taxonomy/2009-04-01/ifrs/ias_16_2009-04-01/rol_ias_16_2009-04-01.xsd","","","","","","rol_ias_16_2009-04-01.xsd"
"","","","","","","","cal_ias_16_2009-04-01_role-822170.xml"
"","","","","","","","cal_ias_16_2009-04-01_role-822160.xml"
"","","","","","","","pre_ias_16_2009-04-01_role-822100.xml"
"","","","","","","","pre_ias_16_2009-04-01_role-822150.xml"
"","","","","","","","ref_ias_16_2009-04-01.xml"
"","","","","","","ifrs_8_2009-04-01/"
"","","","","","","","pre_ifrs_8_2009-04-01_role-871500.xml"
"","","","","","","","pre_ifrs_8_2009-04-01_role-871400.xml"
"","","","","","","","def_ifrs_8_2009-04-01_role-871500.xml"
"","","","","","","","pre_ifrs_8_2009-04-01_role-871100.xml"
"","","","","","","","pre_ifrs_8_2009-04-01_role-871300.xml"
"","","","","","","","def_ifrs_8_2009-04-01_role-871400.xml"
"","","","","","","","def_ifrs_8_2009-04-01_role-871100.xml"
"","","","","","","","def_ifrs_8_2009-04-01_role-871200.xml"
"","","","","","","","ref_ifrs_8_2009-04-01.xml"
"http://xbrl.iasb.org/role/ifrs/rol_ifrs_8_2009-04-01","http://xbrl.iasb.org/taxonomy/2009-04-01/ifrs/ifrs_8_2009-04-01/rol_ifrs_8_2009-04-01.xsd","","","","","","rol_ifrs_8_2009-04-01.xsd"
"","","","","","","","pre_ifrs_8_2009-04-01_role-871200.xml"
"","","","","","","","def_ifrs_8_2009-04-01_role-871300.xml"
"","","","","","","ias_20_2009-04-01/"
"http://xbrl.iasb.org/role/ifrs/rol_ias_20_2009-04-01","http://xbrl.iasb.org/taxonomy/2009-04-01/ifrs/ias_20_2009-04-01/rol_ias_20_2009-04-01.xsd","","","","","","rol_ias_20_2009-04-01.xsd"
"","","","","","","","ref_ias_20_2009-04-01.xml"
"","","","","","","","pre_ias_20_2009-04-01_role-831400.xml"
"","","","","","","","def_ias_20_2009-04-01_role-831400.xml"
"","","","","","","ifric_5_2009-04-01/"
"","","","","","","","pre_ifric_5_2009-04-01_role-868200.xml"
"http://xbrl.iasb.org/role/ifrs/rol_ifric_5_2009-04-01","http://xbrl.iasb.org/taxonomy/2009-04-01/ifrs/ifric_5_2009-04-01/rol_ifric_5_2009-04-01.xsd","","","","","","rol_ifric_5_2009-04-01.xsd"
"","","","","","","","def_ifric_5_2009-04-01_role-868200.xml"
"","","","","","","","ref_ifric_5_2009-04-01.xml"
"","","","","","","dimensions/"
"","","","","","","","dim_ifrs_2009-04-01_role-901000.xml"
"","","","","","","","pre_ifrs_2009-04-01_role-903000.xml"
"","","","","","","","pre_ifrs_2009-04-01_role-901000.xml"
"http://xbrl.iasb.org/role/ifrs/dimensions","http://xbrl.iasb.org/taxonomy/2009-04-01/ifrs/dimensions/rol_ifrs-dim_2009-04-01.xsd","","","","","","rol_ifrs-dim_2009-04-01.xsd"
"","","","","","","","dim_ifrs_2009-04-01_role-913000.xml"
"","","","","","","","pre_ifrs_2009-04-01_role-902000.xml"
"","","","","","","","pre_ifrs_2009-04-01_role-913000.xml"
"","","","","","","","dim_ifrs_2009-04-01_role-902000.xml"
"","","","","","","","dim_ifrs_2009-04-01_role-903000.xml"
"","","","","","","ias_12_2009-04-01/"
"","","","","","","","cal_ias_12_2009-04-01_role-835110.xml"
"","","","","","","","pre_ias_12_2009-04-01_role-835110.xml"
"http://xbrl.iasb.org/role/ifrs/rol_ias_12_2009-04-01","http://xbrl.iasb.org/taxonomy/2009-04-01/ifrs/ias_12_2009-04-01/rol_ias_12_2009-04-01.xsd","","","","","","rol_ias_12_2009-04-01.xsd"
"","","","","","","","def_ias_12_2009-04-01_role-835140.xml"
"","","","","","","","cal_ias_12_2009-04-01_role-835130.xml"
"","","","","","","","cal_ias_12_2009-04-01_role-835140.xml"
"","","","","","","","pre_ias_12_2009-04-01_role-835130.xml"
"","","","","","","","pre_ias_12_2009-04-01_role-835140.xml"
"","","","","","","","def_ias_12_2009-04-01_role-835110.xml"
"","","","","","","","ref_ias_12_2009-04-01.xml"
"","","","","","","","def_ias_12_2009-04-01_role-835130.xml"
"","","","","","","ifrs_4_2009-04-01/"
"","","","","","","","pre_ifrs_4_2009-04-01_role-836500.xml"
"http://xbrl.iasb.org/role/ifrs/rol_ifrs_4_2009-04-01","http://xbrl.iasb.org/taxonomy/2009-04-01/ifrs/ifrs_4_2009-04-01/rol_ifrs_4_2009-04-01.xsd","","","","","","rol_ifrs_4_2009-04-01.xsd"
"","","","","","","","ref_ifrs_4_2009-04-01.xml"
"","","","","","","","def_ifrs_4_2009-04-01_role-836500.xml"
"","","","","","","ifric_2_2009-04-01/"
"","","","","","","","ref_ifric_2_2009-04-01.xml"
"","","","","","","","pre_ifric_2_2009-04-01_role-868500.xml"
"http://xbrl.iasb.org/role/ifrs/rol_ifric_2_2009-04-01","http://xbrl.iasb.org/taxonomy/2009-04-01/ifrs/ifric_2_2009-04-01/rol_ifric_2_2009-04-01.xsd","","","","","","rol_ifric_2_2009-04-01.xsd"
"","","","","","","","def_ifric_2_2009-04-01_role-868500.xml"
"","","","","","","ias_29_2009-04-01/"
"http://xbrl.iasb.org/role/ifrs/rol_ias_29_2009-04-01","http://xbrl.iasb.org/taxonomy/2009-04-01/ifrs/ias_29_2009-04-01/rol_ias_29_2009-04-01.xsd","","","","","","rol_ias_29_2009-04-01.xsd"
"","","","","","","","pre_ias_29_2009-04-01_role-816000.xml"
"","","","","","","","ref_ias_29_2009-04-01.xml"
"","","","","","","","def_ias_29_2009-04-01_role-816000.xml"
"","","","","","","ifrs_2_2009-04-01/"
"http://xbrl.iasb.org/role/ifrs/rol_ifrs_2_2009-04-01","http://xbrl.iasb.org/taxonomy/2009-04-01/ifrs/ifrs_2_2009-04-01/rol_ifrs_2_2009-04-01.xsd","","","","","","rol_ifrs_2_2009-04-01.xsd"
"","","","","","","","pre_ifrs_2_2009-04-01_role-834120.xml"
"","","","","","","","ref_ifrs_2_2009-04-01.xml"
"","","","","","","","def_ifrs_2_2009-04-01_role-834120.xml"
"","","","","","","ias_2_2009-04-01/"
"","","","","","","","def_ias_2_2009-04-01_role-826300.xml"
"","","","","","","","cal_ias_2_2009-04-01_role-826300.xml"
"","","","","","","","pre_ias_2_2009-04-01_role-826300.xml"
"","","","","","","","pre_ias_2_2009-04-01_role-826380.xml"
"","","","","","","","def_ias_2_2009-04-01_role-826380.xml"
"http://xbrl.iasb.org/role/ifrs/rol_ias_2_2009-04-01","http://xbrl.iasb.org/taxonomy/2009-04-01/ifrs/ias_2_2009-04-01/rol_ias_2_2009-04-01.xsd","","","","","","rol_ias_2_2009-04-01.xsd"
"","","","","","","","ref_ias_2_2009-04-01.xml"
"","","","","","","ifrs_6_2009-04-01/"
"","","","","","","","def_ifrs_6_2009-04-01_role-822210.xml"
"http://xbrl.iasb.org/role/ifrs/rol_ifrs_6_2009-04-01","http://xbrl.iasb.org/taxonomy/2009-04-01/ifrs/ifrs_6_2009-04-01/rol_ifrs_6_2009-04-01.xsd","","","","","","rol_ifrs_6_2009-04-01.xsd"
"","","","","","","","pre_ifrs_6_2009-04-01_role-822210.xml"
"","","","","","","","pre_ifrs_6_2009-04-01_role-822250.xml"
"","","","","","","","cal_ifrs_6_2009-04-01_role-822260.xml"
"","","","","","","","def_ifrs_6_2009-04-01_role-822240.xml"
"","","","","","","","def_ifrs_6_2009-04-01_role-822260.xml"
"","","","","","","","cal_ifrs_6_2009-04-01_role-822220.xml"
"","","","","","","","pre_ifrs_6_2009-04-01_role-822200.xml"
"","","","","","","","pre_ifrs_6_2009-04-01_role-822260.xml"
"","","","","","","","cal_ifrs_6_2009-04-01_role-822270.xml"
"","","","","","","","def_ifrs_6_2009-04-01_role-822220.xml"
"","","","","","","","cal_ifrs_6_2009-04-01_role-822240.xml"
"","","","","","","","ref_ifrs_6_2009-04-01.xml"
"","","","","","","","pre_ifrs_6_2009-04-01_role-822240.xml"
"","","","","","","","cal_ifrs_6_2009-04-01_role-822230.xml"
"","","","","","","","pre_ifrs_6_2009-04-01_role-822230.xml"
"","","","","","","","def_ifrs_6_2009-04-01_role-822200.xml"
"","","","","","","","pre_ifrs_6_2009-04-01_role-822270.xml"
"","","","","","","","pre_ifrs_6_2009-04-01_role-822220.xml"
"","","","","","","","cal_ifrs_6_2009-04-01_role-822250.xml"
"","","","","","","eifrs_reference/"
"","","","","","","","ref_eifrs_2009-04-01.xml"
"","","","","","","ias_17_2009-04-01/"
"","","","","","","","pre_ias_17_2009-04-01_role-832600.xml"
"","","","","","","","def_ias_17_2009-04-01_role-832620.xml"
"","","","","","","","cal_ias_17_2009-04-01_role-832630.xml"
"","","","","","","","def_ias_17_2009-04-01_role-832680.xml"
"","","","","","","","pre_ias_17_2009-04-01_role-832750.xml"
"http://xbrl.iasb.org/role/ifrs/rol_ias_17_2009-04-01","http://xbrl.iasb.org/taxonomy/2009-04-01/ifrs/ias_17_2009-04-01/rol_ias_17_2009-04-01.xsd","","","","","","rol_ias_17_2009-04-01.xsd"
"","","","","","","","pre_ias_17_2009-04-01_role-832680.xml"
"","","","","","","","cal_ias_17_2009-04-01_role-832780.xml"
"","","","","","","","cal_ias_17_2009-04-01_role-832680.xml"
"","","","","","","","cal_ias_17_2009-04-01_role-832650.xml"
"","","","","","","","def_ias_17_2009-04-01_role-832780.xml"
"","","","","","","","def_ias_17_2009-04-01_role-832650.xml"
"","","","","","","","pre_ias_17_2009-04-01_role-832780.xml"
"","","","","","","","ref_ias_17_2009-04-01.xml"
"","","","","","","","def_ias_17_2009-04-01_role-832600.xml"
"","","","","","","","cal_ias_17_2009-04-01_role-832750.xml"
"","","","","","","","cal_ias_17_2009-04-01_role-832600.xml"
"","","","","","","","pre_ias_17_2009-04-01_role-832650.xml"
"","","","","","","","def_ias_17_2009-04-01_role-832750.xml"
"","","","","","","","pre_ias_17_2009-04-01_role-832630.xml"
"","","","","","","","cal_ias_17_2009-04-01_role-832730.xml"
"","","","","","","","def_ias_17_2009-04-01_role-832720.xml"
"","","","","","","","pre_ias_17_2009-04-01_role-832620.xml"
"","","","","","","","pre_ias_17_2009-04-01_role-832720.xml"
"","","","","","","","pre_ias_17_2009-04-01_role-832730.xml"
"","","","","","","ifrs_1_2009-04-01/"
"","","","","","","","def_ifrs_1_2009-04-01_role-819130.xml"
"","","","","","","","pre_ifrs_1_2009-04-01_role-819120.xml"
"","","","","","","","cal_ifrs_1_2009-04-01_role-819120.xml"
"","","","","","","","pre_ifrs_1_2009-04-01_role-819140.xml"
"","","","","","","","cal_ifrs_1_2009-04-01_role-819140.xml"
"http://xbrl.iasb.org/role/ifrs/rol_ifrs_1_2009-04-01","http://xbrl.iasb.org/taxonomy/2009-04-01/ifrs/ifrs_1_2009-04-01/rol_ifrs_1_2009-04-01.xsd","","","","","","rol_ifrs_1_2009-04-01.xsd"
"","","","","","","","pre_ifrs_1_2009-04-01_role-819100.xml"
"","","","","","","","cal_ifrs_1_2009-04-01_role-819130.xml"
"","","","","","","","def_ifrs_1_2009-04-01_role-819100.xml"
"","","","","","","","pre_ifrs_1_2009-04-01_role-819130.xml"
"","","","","","","","pre_ifrs_1_2009-04-01_role-819110.xml"
"","","","","","","","def_ifrs_1_2009-04-01_role-819110.xml"
"","","","","","","","ref_ifrs_1_2009-04-01.xml"
"","","","","","","ias_23_2009-04-01/"
"","","","","","","","ref_ias_23_2009-04-01.xml"
"http://xbrl.iasb.org/role/ifrs/rol_ias_23_2009-04-01","http://xbrl.iasb.org/taxonomy/2009-04-01/ifrs/ias_23_2009-04-01/rol_ias_23_2009-04-01.xsd","","","","","","rol_ias_23_2009-04-01.xsd"
"","","","","","","","pre_ias_23_2009-04-01_role-836200.xml"
"","","","","","","","def_ias_23_2009-04-01_role-836200.xml"
"","","","","","","ifric_17_2009-04-01/"
"","","","","","","","ref_ifric_17_2009-04-01.xml"
"","","","","","","ifrs_5_2009-04-01/"
"http://xbrl.iasb.org/role/ifrs/rol_ifrs_5_2009-04-01","http://xbrl.iasb.org/taxonomy/2009-04-01/ifrs/ifrs_5_2009-04-01/rol_ifrs_5_2009-04-01.xsd","","","","","","rol_ifrs_5_2009-04-01.xsd"
"","","","","","","","ref_ifrs_5_2009-04-01.xml"
"","","","","","","","pre_ifrs_5_2009-04-01_role-825900.xml"
"","","","","","","","def_ifrs_5_2009-04-01_role-851300.xml"
"","","","","","","","cal_ifrs_5_2009-04-01_role-851300.xml"
"","","","","","","","def_ifrs_5_2009-04-01_role-825900.xml"
"","","","","","","","pre_ifrs_5_2009-04-01_role-851300.xml"
"","","","","","","ias_38_2009-04-01/"
"http://xbrl.iasb.org/role/ifrs/rol_ias_38_2009-04-01","http://xbrl.iasb.org/taxonomy/2009-04-01/ifrs/ias_38_2009-04-01/rol_ias_38_2009-04-01.xsd","","","","","","rol_ias_38_2009-04-01.xsd"
"","","","","","","","cal_ias_38_2009-04-01_role-823130.xml"
"","","","","","","","ref_ias_38_2009-04-01.xml"
"","","","","","","","pre_ias_38_2009-04-01_role-823170.xml"
"","","","","","","","cal_ias_38_2009-04-01_role-823140.xml"
"","","","","","","","pre_ias_38_2009-04-01_role-823120.xml"
"","","","","","","","def_ias_38_2009-04-01_role-823120.xml"
"","","","","","","","def_ias_38_2009-04-01_role-823180.xml"
"","","","","","","","cal_ias_38_2009-04-01_role-823120.xml"
"","","","","","","","pre_ias_38_2009-04-01_role-823100.xml"
"","","","","","","","def_ias_38_2009-04-01_role-823140.xml"
"","","","","","","","cal_ias_38_2009-04-01_role-823150.xml"
"","","","","","","","pre_ias_38_2009-04-01_role-823130.xml"
"","","","","","","","pre_ias_38_2009-04-01_role-823140.xml"
"","","","","","","","def_ias_38_2009-04-01_role-823160.xml"
"","","","","","","","pre_ias_38_2009-04-01_role-823180.xml"
"","","","","","","","pre_ias_38_2009-04-01_role-823150.xml"
"","","","","","","","pre_ias_38_2009-04-01_role-823160.xml"
"","","","","","","","cal_ias_38_2009-04-01_role-823160.xml"
"","","","","","","","def_ias_38_2009-04-01_role-823100.xml"
"","","","","","","ifrs_3_2009-04-01/"
"","","","","","","","def_ifrs_3_2009-04-01_role-817000.xml"
"","","","","","","","def_ifrs_3_2009-04-01_role-823320.xml"
"http://xbrl.iasb.org/role/ifrs/rol_ifrs_3_2009-04-01","http://xbrl.iasb.org/taxonomy/2009-04-01/ifrs/ifrs_3_2009-04-01/rol_ifrs_3_2009-04-01.xsd","","","","","","rol_ifrs_3_2009-04-01.xsd"
"","","","","","","","pre_ifrs_3_2009-04-01_role-823320.xml"
"","","","","","","","cal_ifrs_3_2009-04-01_role-823320.xml"
"","","","","","","","pre_ifrs_3_2009-04-01_role-817000.xml"
"","","","","","","","ref_ifrs_3_2009-04-01.xml"
"","","","","","","label/"
"","","","","","","","lab_ifrs-en_2009-04-01.xml"
"","","","","","","ias_31_2009-04-01/"
"","","","","","","","pre_ias_31_2009-04-01_role-825500.xml"
"","","","","","","","ref_ias_31_2009-04-01.xml"
"","","","","","","","def_ias_31_2009-04-01_role-825500.xml"
"http://xbrl.iasb.org/role/ifrs/rol_ias_31_2009-04-01","http://xbrl.iasb.org/taxonomy/2009-04-01/ifrs/ias_31_2009-04-01/rol_ias_31_2009-04-01.xsd","","","","","","rol_ias_31_2009-04-01.xsd"
"","","","","","","ias_8_2009-04-01/"
"http://xbrl.iasb.org/role/ifrs/rol_ias_8_2009-04-01","http://xbrl.iasb.org/taxonomy/2009-04-01/ifrs/ias_8_2009-04-01/rol_ias_8_2009-04-01.xsd","","","","","","rol_ias_8_2009-04-01.xsd"
"","","","","","","","ref_ias_8_2009-04-01.xml"
"","","","","","","","pre_ias_8_2009-04-01_role-811000.xml"
"","","","","","","","def_ias_8_2009-04-01_role-811000.xml"
"","","","","","","ias_28_2009-04-01/"
"","","","","","","","def_ias_28_2009-04-01_role-825600.xml"
"http://xbrl.iasb.org/role/ifrs/rol_ias_28_2009-04-01","http://xbrl.iasb.org/taxonomy/2009-04-01/ifrs/ias_28_2009-04-01/rol_ias_28_2009-04-01.xsd","","","","","","rol_ias_28_2009-04-01.xsd"
"","","","","","","","pre_ias_28_2009-04-01_role-825600.xml"
"","","","","","","","ref_ias_28_2009-04-01.xml"
"","","","","","","ias_21_2009-04-01/"
"","","","","","","","def_ias_21_2009-04-01_role-842000.xml"
"http://xbrl.iasb.org/role/ifrs/rol_ias_21_2009-04-01","http://xbrl.iasb.org/taxonomy/2009-04-01/ifrs/ias_21_2009-04-01/rol_ias_21_2009-04-01.xsd","","","","","","rol_ias_21_2009-04-01.xsd"
"","","","","","","","pre_ias_21_2009-04-01_role-842000.xml"
"","","","","","","","ref_ias_21_2009-04-01.xml"
"","","","","","","ias_37_2009-04-01/"
"","","","","","","","def_ias_37_2009-04-01_role-827570.xml"
"http://xbrl.iasb.org/role/ifrs/rol_ias_37_2009-04-01","http://xbrl.iasb.org/taxonomy/2009-04-01/ifrs/ias_37_2009-04-01/rol_ias_37_2009-04-01.xsd","","","","","","rol_ias_37_2009-04-01.xsd"
"","","","","","","","pre_ias_37_2009-04-01_role-827520.xml"
"","","","","","","","def_ias_37_2009-04-01_role-827530.xml"
"","","","","","","","pre_ias_37_2009-04-01_role-827550.xml"
"","","","","","","","pre_ias_37_2009-04-01_role-827530.xml"
"","","","","","","","cal_ias_37_2009-04-01_role-827520.xml"
"","","","","","","","ref_ias_37_2009-04-01.xml"
"","","","","","","","pre_ias_37_2009-04-01_role-827570.xml"
"","","","","","","","pre_ias_37_2009-04-01_role-827540.xml"
"","","","","","","","def_ias_37_2009-04-01_role-827550.xml"
"","","","","","","","cal_ias_37_2009-04-01_role-827530.xml"
"","","","","","","","cal_ias_37_2009-04-01_role-827540.xml"
"","","","","","","","cal_ias_37_2009-04-01_role-827550.xml"
"","","","","","","ifrs_3_2007-03-01/"
"http://xbrl.iasb.org/role/ifrs/rol_ifrs_3_2007-03-01","http://xbrl.iasb.org/taxonomy/2009-04-01/ifrs/ifrs_3_2007-03-01/rol_ifrs_3_2007-03-01.xsd","","","","","","rol_ifrs_3_2007-03-01.xsd"
"","","","","","","","def_ifrs_3_2007-03-01_role-817000.xml"
"","","","","","","","ref_ifrs_3_2007-03-01.xml"
"","","","","","","","pre_ifrs_3_2007-03-01_role-817000.xml"
"","","","","","","","def_ifrs_3_2007-03-01_role-823320.xml"
"","","","","","","","cal_ifrs_3_2007-03-01_role-823320.xml"
"","","","","","","","pre_ifrs_3_2007-03-01_role-823320.xml"
"","","","","","","ias_34_2009-04-01/"
"","","","","","","","ref_ias_34_2009-04-01.xml"
"http://xbrl.iasb.org/role/ifrs/rol_ias_34_2009-04-01","http://xbrl.iasb.org/taxonomy/2009-04-01/ifrs/ias_34_2009-04-01/rol_ias_34_2009-04-01.xsd","","","","","","rol_ias_34_2009-04-01.xsd"
"","","","","","","","def_ias_34_2009-04-01_role-813000.xml"
"","","","","","","","pre_ias_34_2009-04-01_role-813000.xml"
"","","","","","","ias_19_2009-04-01/"
"","","","","","","","def_ias_19_2009-04-01_role-834440.xml"
"","","","","","","","pre_ias_19_2009-04-01_role-834230.xml"
"","","","","","","","pre_ias_19_2009-04-01_role-834210.xml"
"","","","","","","","pre_ias_19_2009-04-01_role-834440.xml"
"","","","","","","","ref_ias_19_2009-04-01.xml"
"","","","","","","","def_ias_19_2009-04-01_role-834220.xml"
"","","","","","","","cal_ias_19_2009-04-01_role-834330.xml"
"","","","","","","","def_ias_19_2009-04-01_role-834420.xml"
"","","","","","","","pre_ias_19_2009-04-01_role-834400.xml"
"","","","","","","","def_ias_19_2009-04-01_role-834330.xml"
"","","","","","","","pre_ias_19_2009-04-01_role-834140.xml"
"","","","","","","","cal_ias_19_2009-04-01_role-834440.xml"
"","","","","","","","cal_ias_19_2009-04-01_role-834420.xml"
"","","","","","","","pre_ias_19_2009-04-01_role-834330.xml"
"http://xbrl.iasb.org/role/ifrs/rol_ias_19_2009-04-01","http://xbrl.iasb.org/taxonomy/2009-04-01/ifrs/ias_19_2009-04-01/rol_ias_19_2009-04-01.xsd","","","","","","rol_ias_19_2009-04-01.xsd"
"","","","","","","","def_ias_19_2009-04-01_role-834100.xml"
"","","","","","","","pre_ias_19_2009-04-01_role-834480.xml"
"","","","","","","","def_ias_19_2009-04-01_role-834210.xml"
"","","","","","","","cal_ias_19_2009-04-01_role-834220.xml"
"","","","","","","","cal_ias_19_2009-04-01_role-834210.xml"
"","","","","","","","pre_ias_19_2009-04-01_role-834220.xml"
"","","","","","","","def_ias_19_2009-04-01_role-834480.xml"
"","","","","","","","def_ias_19_2009-04-01_role-834140.xml"
"","","","","","","","cal_ias_19_2009-04-01_role-834230.xml"
"","","","","","","","pre_ias_19_2009-04-01_role-834100.xml"
"","","","","","","","pre_ias_19_2009-04-01_role-834420.xml"
"","","","","","","","cal_ias_19_2009-04-01_role-834100.xml"
"","","","","","","","def_ias_19_2009-04-01_role-834400.xml"
"","","","","","","ias_41_2009-04-01/"
"","","","","","","","pre_ias_41_2009-04-01_role-824100.xml"
"","","","","","","","def_ias_41_2009-04-01_role-824110.xml"
"","","","","","","","ref_ias_41_2009-04-01.xml"
"","","","","","","","def_ias_41_2009-04-01_role-824100.xml"
"","","","","","","","pre_ias_41_2009-04-01_role-824120.xml"
"http://xbrl.iasb.org/role/ifrs/rol_ias_41_2009-04-01","http://xbrl.iasb.org/taxonomy/2009-04-01/ifrs/ias_41_2009-04-01/rol_ias_41_2009-04-01.xsd","","","","","","rol_ias_41_2009-04-01.xsd"
"","","","","","","","cal_ias_41_2009-04-01_role-824110.xml"
"","","","","","","","cal_ias_41_2009-04-01_role-824100.xml"
"","","","","","","","pre_ias_41_2009-04-01_role-824110.xml"
"","","","","","","","def_ias_41_2009-04-01_role-824180.xml"
"","","","","","","","cal_ias_41_2009-04-01_role-824120.xml"
"","","","","","","","pre_ias_41_2009-04-01_role-824180.xml"
"","","","","","","ifrs_7_2009-04-01/"
"","","","","","","","cal_ifrs_7_2009-04-01_role-832320.xml"
"","","","","","","","pre_ifrs_7_2009-04-01_role-822320.xml"
"","","","","","","","def_ifrs_7_2009-04-01_role-822320.xml"
"","","","","","","","pre_ifrs_7_2009-04-01_role-822390.xml"
"","","","","","","","pre_ifrs_7_2009-04-01_role-822330.xml"
"","","","","","","","ref_ifrs_7_2009-04-01.xml"
"","","","","","","","pre_ifrs_7_2009-04-01_role-822350.xml"
"","","","","","","","def_ifrs_7_2009-04-01_role-832400.xml"
"","","","","","","","pre_ifrs_7_2009-04-01_role-832390.xml"
"","","","","","","","def_ifrs_7_2009-04-01_role-832390.xml"
"http://xbrl.iasb.org/role/ifrs/rol_ifrs_7_2009-04-01","http://xbrl.iasb.org/taxonomy/2009-04-01/ifrs/ifrs_7_2009-04-01/rol_ifrs_7_2009-04-01.xsd","","","","","","rol_ifrs_7_2009-04-01.xsd"
"","","","","","","","def_ifrs_7_2009-04-01_role-822350.xml"
"","","","","","","","pre_ifrs_7_2009-04-01_role-832320.xml"
"","","","","","","","pre_ifrs_7_2009-04-01_role-832400.xml"
"","","","","","","","def_ifrs_7_2009-04-01_role-822390.xml"
"","","","","","","","def_ifrs_7_2009-04-01_role-832320.xml"
"","","","","","","ias_11_2009-04-01/"
"","","","","","","","def_ias_11_2009-04-01_role-831710.xml"
"http://xbrl.iasb.org/role/ifrs/rol_ias_11_2009-04-01","http://xbrl.iasb.org/taxonomy/2009-04-01/ifrs/ias_11_2009-04-01/rol_ias_11_2009-04-01.xsd","","","","","","rol_ias_11_2009-04-01.xsd"
"","","","","","","","def_ias_11_2009-04-01_role-831700.xml"
"","","","","","","","pre_ias_11_2009-04-01_role-831700.xml"
"","","","","","","","ref_ias_11_2009-04-01.xml"
"","","","","","","","pre_ias_11_2009-04-01_role-831710.xml"
"","","","","","","ias_1_2009-04-01/"
"","","","","","","","def_ias_1_2009-04-01_role-210000.xml"
"","","","","","","","cal_ias_1_2009-04-01_role-310000.xml"
"","","","","","","","def_ias_1_2009-04-01_role-410005.xml"
"","","","","","","","cal_ias_1_2009-04-01_role-620005.xml"
"","","","","","","","def_ias_1_2009-04-01_role-310005.xml"
"","","","","","","","def_ias_1_2009-04-01_role-420000.xml"
"","","","","","","","cal_ias_1_2009-04-01_role-220000.xml"
"","","","","","","","pre_ias_1_2009-04-01_role-810000.xml"
"","","","","","","","def_ias_1_2009-04-01_role-832000.xml"
"","","","","","","","def_ias_1_2009-04-01_role-320000.xml"
"","","","","","","","pre_ias_1_2009-04-01_role-210005.xml"
"","","","","","","","def_ias_1_2009-04-01_role-210005.xml"
"","","","","","","","def_ias_1_2009-04-01_role-110000.xml"
"","","","","","","","def_ias_1_2009-04-01_role-620005.xml"
"","","","","","","","pre_ias_1_2009-04-01_role-110000.xml"
"","","","","","","","pre_ias_1_2009-04-01_role-320000.xml"
"","","","","","","","def_ias_1_2009-04-01_role-410000.xml"
"","","","","","","","pre_ias_1_2009-04-01_role-310000.xml"
"","","","","","","","ref_ias_1_2009-04-01.xml"
"","","","","","","","cal_ias_1_2009-04-01_role-620000.xml"
"","","","","","","","cal_ias_1_2009-04-01_role-610005.xml"
"","","","","","","","pre_ias_1_2009-04-01_role-220005.xml"
"","","","","","","","pre_ias_1_2009-04-01_role-610000.xml"
"","","","","","","","pre_ias_1_2009-04-01_role-620000.xml"
"","","","","","","","cal_ias_1_2009-04-01_role-832000.xml"
"","","","","","","","pre_ias_1_2009-04-01_role-410005.xml"
"","","","","","","","def_ias_1_2009-04-01_role-861200.xml"
"","","","","","","","pre_ias_1_2009-04-01_role-410000.xml"
"","","","","","","","cal_ias_1_2009-04-01_role-410005.xml"
"","","","","","","","def_ias_1_2009-04-01_role-310000.xml"
"","","","","","","","cal_ias_1_2009-04-01_role-610000.xml"
"http://xbrl.iasb.org/role/ifrs/rol_ias_1_2009-04-01","http://xbrl.iasb.org/taxonomy/2009-04-01/ifrs/ias_1_2009-04-01/rol_ias_1_2009-04-01.xsd","","","","","","rol_ias_1_2009-04-01.xsd"
"","","","","","","","pre_ias_1_2009-04-01_role-320005.xml"
"","","","","","","","pre_ias_1_2009-04-01_role-210000.xml"
"","","","","","","","def_ias_1_2009-04-01_role-320005.xml"
"","","","","","","","pre_ias_1_2009-04-01_role-620005.xml"
"","","","","","","","pre_ias_1_2009-04-01_role-861200.xml"
"","","","","","","","cal_ias_1_2009-04-01_role-210000.xml"
"","","","","","","","cal_ias_1_2009-04-01_role-210005.xml"
"","","","","","","","pre_ias_1_2009-04-01_role-610005.xml"
"","","","","","","","cal_ias_1_2009-04-01_role-320000.xml"
"","","","","","","","pre_ias_1_2009-04-01_role-310005.xml"
"","","","","","","","def_ias_1_2009-04-01_role-420005.xml"
"","","","","","","","def_ias_1_2009-04-01_role-620000.xml"
"","","","","","","","pre_ias_1_2009-04-01_role-420000.xml"
"","","","","","","","cal_ias_1_2009-04-01_role-420005.xml"
"","","","","","","","pre_ias_1_2009-04-01_role-420005.xml"
"","","","","","","","cal_ias_1_2009-04-01_role-320005.xml"
"","","","","","","","def_ias_1_2009-04-01_role-220000.xml"
"","","","","","","","cal_ias_1_2009-04-01_role-420000.xml"
"","","","","","","","pre_ias_1_2009-04-01_role-832000.xml"
"","","","","","","","cal_ias_1_2009-04-01_role-310005.xml"
"","","","","","","","def_ias_1_2009-04-01_role-220005.xml"
"","","","","","","","cal_ias_1_2009-04-01_role-410000.xml"
"","","","","","","","cal_ias_1_2009-04-01_role-220005.xml"
"","","","","","","","pre_ias_1_2009-04-01_role-220000.xml"
"","","","","","","","def_ias_1_2009-04-01_role-810000.xml"
"","","","","","","ias_18_2009-04-01/"
"http://xbrl.iasb.org/role/ifrs/rol_ias_18_2009-04-01","http://xbrl.iasb.org/taxonomy/2009-04-01/ifrs/ias_18_2009-04-01/rol_ias_18_2009-04-01.xsd","","","","","","rol_ias_18_2009-04-01.xsd"
"","","","","","","","pre_ias_18_2009-04-01_role-831110.xml"
"","","","","","","","def_ias_18_2009-04-01_role-831100.xml"
"","","","","","","","ref_ias_18_2009-04-01.xml"
"","","","","","","","pre_ias_18_2009-04-01_role-831100.xml"
"","","","","","","","def_ias_18_2009-04-01_role-831110.xml"
"","","","","","","","cal_ias_18_2009-04-01_role-831100.xml"
"","","","","","","ias_24_2009-04-01/"
"","","","","","","","pre_ias_24_2009-04-01_role-818000.xml"
"http://xbrl.iasb.org/role/ifrs/rol_ias_24_2009-04-01","http://xbrl.iasb.org/taxonomy/2009-04-01/ifrs/ias_24_2009-04-01/rol_ias_24_2009-04-01.xsd","","","","","","rol_ias_24_2009-04-01.xsd"
"","","","","","","","def_ias_24_2009-04-01_role-818000.xml"
"","","","","","","","ref_ias_24_2009-04-01.xml"
"","","","","","","ias_33_2009-04-01/"
"","","","","","","","ref_ias_33_2009-04-01.xml"
"http://xbrl.iasb.org/role/ifrs/rol_ias_33_2009-04-01","http://xbrl.iasb.org/taxonomy/2009-04-01/ifrs/ias_33_2009-04-01/rol_ias_33_2009-04-01.xsd","","","","","","rol_ias_33_2009-04-01.xsd"
"","","","","","","","cal_ias_33_2009-04-01_role-838000.xml"
"","","","","","","","pre_ias_33_2009-04-01_role-838000.xml"
"","","","","","","","def_ias_33_2009-04-01_role-838000.xml"
"","","","","","","ias_10_2009-04-01/"
"","","","","","","","ref_ias_10_2009-04-01.xml"
"","","","","","","","pre_ias_10_2009-04-01_role-815000.xml"
"","","","","","","","def_ias_10_2009-04-01_role-815000.xml"
"http://xbrl.iasb.org/role/ifrs/rol_ias_10_2009-04-01","http://xbrl.iasb.org/taxonomy/2009-04-01/ifrs/ias_10_2009-04-01/rol_ias_10_2009-04-01.xsd","","","","","","rol_ias_10_2009-04-01.xsd"
"","","","","","","ias_7_2009-04-01/"
"","","","","","","","pre_ias_7_2009-04-01_role-510000.xml"
"","","","","","","","cal_ias_7_2009-04-01_role-510000.xml"
"","","","","","","","def_ias_7_2009-04-01_role-510000.xml"
"","","","","","","","pre_ias_7_2009-04-01_role-851200.xml"
"","","","","","","","ref_ias_7_2009-04-01.xml"
"","","","","","","","pre_ias_7_2009-04-01_role-510005.xml"
"","","","","","","","pre_ias_7_2009-04-01_role-520000.xml"
"","","","","","","","cal_ias_7_2009-04-01_role-851200.xml"
"http://xbrl.iasb.org/role/ifrs/rol_ias_7_2009-04-01","http://xbrl.iasb.org/taxonomy/2009-04-01/ifrs/ias_7_2009-04-01/rol_ias_7_2009-04-01.xsd","","","","","","rol_ias_7_2009-04-01.xsd"
"","","","","","","","pre_ias_7_2009-04-01_role-851100.xml"
"","","","","","","","def_ias_7_2009-04-01_role-520000.xml"
"","","","","","","","def_ias_7_2009-04-01_role-520005.xml"
"","","","","","","","def_ias_7_2009-04-01_role-851100.xml"
"","","","","","","","cal_ias_7_2009-04-01_role-510005.xml"
"","","","","","","","pre_ias_7_2009-04-01_role-520005.xml"
"","","","","","","","def_ias_7_2009-04-01_role-851200.xml"
"","","","","","","","cal_ias_7_2009-04-01_role-520005.xml"
"","","","","","","","cal_ias_7_2009-04-01_role-520000.xml"
"","","","","","","","def_ias_7_2009-04-01_role-510005.xml"
"","","","","","","ias_40_2009-04-01/"
"","","","","","","","cal_ias_40_2009-04-01_role-825220.xml"
"","","","","","","","def_ias_40_2009-04-01_role-825280.xml"
"","","","","","","","cal_ias_40_2009-04-01_role-825230.xml"
"","","","","","","","pre_ias_40_2009-04-01_role-825250.xml"
"","","","","","","","pre_ias_40_2009-04-01_role-825150.xml"
"","","","","","","","cal_ias_40_2009-04-01_role-825100.xml"
"","","","","","","","pre_ias_40_2009-04-01_role-825110.xml"
"","","","","","","","def_ias_40_2009-04-01_role-825130.xml"
"","","","","","","","pre_ias_40_2009-04-01_role-825220.xml"
"","","","","","","","cal_ias_40_2009-04-01_role-825240.xml"
"","","","","","","","pre_ias_40_2009-04-01_role-825180.xml"
"","","","","","","","pre_ias_40_2009-04-01_role-825130.xml"
"","","","","","","","def_ias_40_2009-04-01_role-825180.xml"
"","","","","","","","pre_ias_40_2009-04-01_role-825280.xml"
"","","","","","","","cal_ias_40_2009-04-01_role-825150.xml"
"","","","","","","","def_ias_40_2009-04-01_role-825240.xml"
"","","","","","","","cal_ias_40_2009-04-01_role-825250.xml"
"","","","","","","","def_ias_40_2009-04-01_role-825110.xml"
"","","","","","","","def_ias_40_2009-04-01_role-825100.xml"
"http://xbrl.iasb.org/role/ifrs/rol_ias_40_2009-04-01","http://xbrl.iasb.org/taxonomy/2009-04-01/ifrs/ias_40_2009-04-01/rol_ias_40_2009-04-01.xsd","","","","","","rol_ias_40_2009-04-01.xsd"
"","","","","","","","def_ias_40_2009-04-01_role-825150.xml"
"","","","","","","","pre_ias_40_2009-04-01_role-825100.xml"
"","","","","","","","pre_ias_40_2009-04-01_role-825240.xml"
"","","","","","","","ref_ias_40_2009-04-01.xml"
"","","","","","","","def_ias_40_2009-04-01_role-825220.xml"
"","","","","","","","pre_ias_40_2009-04-01_role-825230.xml"
"","","","","","","","cal_ias_40_2009-04-01_role-825130.xml"
"","","","","","","ias_27_2009-04-01/"
"","","","","","","","pre_ias_27_2009-04-01_role-825400.xml"
"","","","","","","","pre_ias_27_2009-04-01_role-825480.xml"
"","","","","","","","def_ias_27_2009-04-01_role-825480.xml"
"","","","","","","","cal_ias_27_2009-04-01_role-825400.xml"
"","","","","","","","ref_ias_27_2009-04-01.xml"
"","","","","","","","def_ias_27_2009-04-01_role-825400.xml"
"http://xbrl.iasb.org/role/ifrs/rol_ias_27_2009-04-01","http://xbrl.iasb.org/taxonomy/2009-04-01/ifrs/ias_27_2009-04-01/rol_ias_27_2009-04-01.xsd","","","","","","rol_ias_27_2009-04-01.xsd"
"","","","","","","ias_36_2009-04-01/"
"","","","","","","","def_ias_36_2009-04-01_role-832410.xml"
"","","","","","","","pre_ias_36_2009-04-01_role-832480.xml"
"http://xbrl.iasb.org/role/ifrs/rol_ias_36_2009-04-01","http://xbrl.iasb.org/taxonomy/2009-04-01/ifrs/ias_36_2009-04-01/rol_ias_36_2009-04-01.xsd","","","","","","rol_ias_36_2009-04-01.xsd"
"","","","","","","","pre_ias_36_2009-04-01_role-832420.xml"
"","","","","","","","ref_ias_36_2009-04-01.xml"
"","","","","","","","def_ias_36_2009-04-01_role-832480.xml"
"","","","","","","","cal_ias_36_2009-04-01_role-832410.xml"
"","","","","","","","pre_ias_36_2009-04-01_role-832410.xml"
"http://xbrl.iasb.org/taxonomy/2009-04-01/ifrs/roles","http://xbrl.iasb.org/taxonomy/2009-04-01/ifrs-roles_2009-04-01.xsd","","","","ifrs-roles_2009-04-01.xsd"
"http://xbrl.iasb.org/taxonomy/2009-04-01/ifrs","http://xbrl.iasb.org/taxonomy/2009-04-01/ifrs-cor_2009-04-01.xsd","","","","ifrs-cor_2009-04-01.xsd"
"","","www.xbrl.org/"
"","","","uk/"
"","","","","reports/"
"","","","","","direp/"
"","","","","","","2009-09-01/"
"","","","","","","","uk-direp-2009-09-01-reference.xml"
"","","","","","","","uk-direp-2009-09-01-presentation.xml"
"http://www.xbrl.org/uk/reports/direp-full/2009-09-01","http://www.xbrl.org/uk/reports/direp/2009-09-01/uk-direp-full-2009-09-01.xsd","","","","","","uk-direp-full-2009-09-01.xsd"
"","","","","","","","uk-direp-2009-09-01-label.xml"
"","","","","","","","uk-direp-2009-09-01-definition.xml"
"http://www.xbrl.org/uk/reports/direp/2009-09-01","http://www.xbrl.org/uk/reports/direp/2009-09-01/uk-direp-2009-09-01.xsd","","","","","","uk-direp-2009-09-01.xsd"
"","","","","","","","uk-direp-2009-09-01-presentation-minimum.xml"
"","","","","","aurep/"
"","","","","","","2009-09-01/"
"http://www.xbrl.org/uk/reports/aurep-full/2009-09-01","http://www.xbrl.org/uk/reports/aurep/2009-09-01/uk-aurep-full-2009-09-01.xsd","","","","","","uk-aurep-full-2009-09-01.xsd"
"","","","","","","","uk-aurep-2009-09-01-definition.xml"
"","","","","","","","uk-aurep-2009-09-01-presentation-minimum.xml"
"","","","","","","","uk-aurep-2009-09-01-presentation.xml"
"","","","","","","","uk-aurep-2009-09-01-reference.xml"
"http://www.xbrl.org/uk/reports/aurep/2009-09-01","http://www.xbrl.org/uk/reports/aurep/2009-09-01/uk-aurep-2009-09-01.xsd","","","","","","uk-aurep-2009-09-01.xsd"
"","","","","","","","uk-aurep-2009-09-01-label.xml"
"","","","","ifrs/"
"","","","","","core/"
"","","","","","","2009-09-01/"
"http://www.xbrl.org/uk/ifrs/entry/2009-09-01","http://www.xbrl.org/uk/ifrs/core/2009-09-01/ifrs-entry-2009-09-01.xsd","","","","","","ifrs-entry-2009-09-01.xsd"
"","","","","","","","uk-ifrs-2009-09-01-presentation.xml"
"http://www.xbrl.org/uk/ifrs/core-full/2009-09-01","http://www.xbrl.org/uk/ifrs/core/2009-09-01/uk-ifrs-full-2009-09-01.xsd","","","","","","uk-ifrs-full-2009-09-01.xsd"
"","","","","","","","uk-ifrs-2009-09-01-label.xml"
"http://www.xbrl.org/uk/ifrs/core/2009-09-01","http://www.xbrl.org/uk/ifrs/core/2009-09-01/uk-ifrs-2009-09-01.xsd","","","","","","uk-ifrs-2009-09-01.xsd"
"","","","","","","","uk-ifrs-2009-09-01-reference.xml"
"http://www.xbrl.org/uk/ifrs/core-min/2009-09-01","http://www.xbrl.org/uk/ifrs/core/2009-09-01/uk-ifrs-minimum-2009-09-01.xsd","","","","","","uk-ifrs-minimum-2009-09-01.xsd"
"","","","","","","","uk-ifrs-2009-09-01-presentation-minimum.xml"
"","","","","","","","uk-ifrs-2009-09-01-definition.xml"
"","","","","","banking/"
"","","","","","","2009-09-01/"
"","","","","","","","uk-banking-2009-09-01-presentation.xml"
"http://www.xbrl.org/uk/ifrs/banking/2009-09-01","http://www.xbrl.org/uk/ifrs/banking/2009-09-01/uk-banking-2009-09-01.xsd","","","","","","uk-banking-2009-09-01.xsd"
"","","","","char/"
"","","","","","core/"
"","","","","","","2009-09-01/"
"","","","","","","","uk-char-2009-09-01-reference.xml"
"","","","","","","","uk-char-2009-09-01-definition.xml"
"http://www.xbrl.org/uk/char/core-full/2009-09-01","http://www.xbrl.org/uk/char/core/2009-09-01/uk-char-full-2009-09-01.xsd","","","","","","uk-char-full-2009-09-01.xsd"
"http://www.xbrl.org/uk/char/core/2009-09-01","http://www.xbrl.org/uk/char/core/2009-09-01/uk-char-2009-09-01.xsd","","","","","","uk-char-2009-09-01.xsd"
"","","","","","","","uk-char-2009-09-01-label.xml"
"","","","","","","","uk-char-2009-09-01-presentation.xml"
"","","","","all/"
"","","","","","gaap-ref/"
"","","","","","","2009-09-01/"
"http://www.xbrl.org/uk/all/gaap-ref/2009-09-01","http://www.xbrl.org/uk/all/gaap-ref/2009-09-01/uk-gaap-ref-2009-09-01.xsd","","","","","","uk-gaap-ref-2009-09-01.xsd"
"","","","","","common/"
"","","","","","","2009-09-01/"
"","","","","","","","uk-common-2009-09-01-label.xml"
"http://www.xbrl.org/uk/all/common/2009-09-01","http://www.xbrl.org/uk/all/common/2009-09-01/uk-common-2009-09-01.xsd","","","","","","uk-common-2009-09-01.xsd"
"","","","","","ref/"
"","","","","","","2009-09-01/"
"http://www.xbrl.org/uk/all/ref/2009-09-01","http://www.xbrl.org/uk/all/ref/2009-09-01/uk-cd-ref-2009-09-01.xsd","","","","","","uk-cd-ref-2009-09-01.xsd"
"","","","","","types/"
"","","","","","","2009-09-01/"
"http://www.xbrl.org/uk/all/types/2009-09-01","http://www.xbrl.org/uk/all/types/2009-09-01/uk-types-2009-09-01.xsd","","","","","","uk-types-2009-09-01.xsd"
"","","","","gaap/"
"","","","","","core/"
"","","","","","","2009-09-01/"
"http://www.xbrl.org/uk/gaap/core-min/2009-09-01","http://www.xbrl.org/uk/gaap/core/2009-09-01/uk-gaap-minimum-2009-09-01.xsd","","","","","","uk-gaap-minimum-2009-09-01.xsd"
"","","","","","","","uk-gaap-2009-09-01-label.xml"
"","","","","","","","uk-gaap-2009-09-01-presentation-minimum.xml"
"http://www.xbrl.org/uk/gaap/core/2009-09-01","http://www.xbrl.org/uk/gaap/core/2009-09-01/uk-gaap-2009-09-01.xsd","","","","","","uk-gaap-2009-09-01.xsd"
"","","","","","","","uk-gaap-2009-09-01-reference.xml"
"","","","","","","","uk-gaap-2009-09-01-presentation.xml"
"","","","","","","","uk-gaap-2009-09-01-definition.xml"
"http://www.xbrl.org/uk/gaap/core-full/2009-09-01","http://www.xbrl.org/uk/gaap/core/2009-09-01/uk-gaap-full-2009-09-01.xsd","","","","","","uk-gaap-full-2009-09-01.xsd"
"","","","","cd/"
"","","","","","currencies/"
"","","","","","","2009-09-01/"
"","","","","","","","uk-currencies-2009-09-01-presentation.xml"
"http://www.xbrl.org/uk/cd/currencies/2009-09-01","http://www.xbrl.org/uk/cd/currencies/2009-09-01/uk-currencies-2009-09-01.xsd","","","","","","uk-currencies-2009-09-01.xsd"
"http://www.xbrl.org/uk/cd/currencies-full/2009-09-01","http://www.xbrl.org/uk/cd/currencies/2009-09-01/uk-currencies-full-2009-09-01.xsd","","","","","","uk-currencies-full-2009-09-01.xsd"
"","","","","","","","uk-currencies-2009-09-01-label.xml"
"","","","","","","","uk-currencies-2009-09-01-definition.xml"
"","","","","","","","uk-currencies-2009-09-01-reference.xml"
"","","","","","languages/"
"","","","","","","2009-09-01/"
"","","","","","","","uk-languages-2009-09-01-presentation.xml"
"http://www.xbrl.org/uk/cd/languages/2009-09-01","http://www.xbrl.org/uk/cd/languages/2009-09-01/uk-languages-2009-09-01.xsd","","","","","","uk-languages-2009-09-01.xsd"
"http://www.xbrl.org/uk/cd/languages-full/2009-09-01","http://www.xbrl.org/uk/cd/languages/2009-09-01/uk-languages-full-2009-09-01.xsd","","","","","","uk-languages-full-2009-09-01.xsd"
"","","","","","","","uk-languages-2009-09-01-reference.xml"
"","","","","","","","uk-languages-2009-09-01-label.xml"
"","","","","","","","uk-languages-2009-09-01-definition.xml"
"","","","","","countries-regions/"
"","","","","","","2009-09-01/"
"http://www.xbrl.org/uk/cd/countries/2009-09-01","http://www.xbrl.org/uk/cd/countries-regions/2009-09-01/uk-countries-2009-09-01.xsd","","","","","","uk-countries-2009-09-01.xsd"
"","","","","","","","uk-countries-2009-09-01-presentation.xml"
"","","","","","","","uk-countries-2009-09-01-reference.xml"
"","","","","","","","uk-countries-2009-09-01-label.xml"
"","","","","","","","uk-countries-2009-09-01-definition.xml"
"http://www.xbrl.org/uk/cd/countries-full/2009-09-01","http://www.xbrl.org/uk/cd/countries-regions/2009-09-01/uk-countries-full-2009-09-01.xsd","","","","","","uk-countries-full-2009-09-01.xsd"
"","","","","","business/"
"","","","","","","2009-09-01/"
"","","","","","","","uk-bus-2009-09-01-presentation.xml"
"","","","","","","","uk-bus-2009-09-01-label.xml"
"http://www.xbrl.org/uk/cd/bus-full/2009-09-01","http://www.xbrl.org/uk/cd/business/2009-09-01/uk-bus-full-2009-09-01.xsd","","","","","","uk-bus-full-2009-09-01.xsd"
"","","","","","","","uk-bus-2009-09-01-definition.xml"
"http://www.xbrl.org/uk/cd/business/2009-09-01","http://www.xbrl.org/uk/cd/business/2009-09-01/uk-bus-2009-09-01.xsd","","","","","","uk-bus-2009-09-01.xsd"
"","","","","","exchanges/"
"","","","","","","2009-09-01/"
"","","","","","","","uk-exchanges-2009-09-01-label.xml"
"","","","","","","","uk-exchanges-2009-09-01-reference.xml"
"","","","","","","","uk-exchanges-2009-09-01-presentation.xml"
"","","","","","","","uk-exchanges-2009-09-01-definition.xml"
"http://www.xbrl.org/uk/cd/exchanges/2009-09-01","http://www.xbrl.org/uk/cd/exchanges/2009-09-01/uk-exchanges-2009-09-01.xsd","","","","","","uk-exchanges-2009-09-01.xsd"
"http://www.xbrl.org/uk/cd/exchanges-full/2009-09-01","http://www.xbrl.org/uk/cd/exchanges/2009-09-01/uk-exchanges-full-2009-09-01.xsd","","","","","","uk-exchanges-full-2009-09-01.xsd"
"","","","dtr/"
"","","","","type/"
"http://www.xbrl.org/dtr/type/non-numeric","http://www.xbrl.org/dtr/type/nonNumeric-2009-12-16.xsd","","","","nonNumeric-2009-12-16.xsd"
"","","www.hmrc.gov.uk/"
"","","","schemas/"
"","","","","ct/"
"","","","","","comp/"
"","","","","","","2015-02-01/"
"","","","","","","","ct-comp/"
"","","","","","","","","ct-comp-2015-02-01-definition.xml"
"","","","","","","","","ct-comp-2015-02-01-presentation.xml"
"http://www.govtalk.gov.uk/uk/fr/tax/uk-hmrc-ct-roles/2015-02-01","http://www.hmrc.gov.uk/schemas/ct/comp/2015-02-01/ct-comp/ct-roles-2015-02-01.xsd","","","","","","","ct-roles-2015-02-01.xsd"
"http://www.govtalk.gov.uk/uk/fr/tax/uk-hmrc-ct-ref/2015-02-01","http://www.hmrc.gov.uk/schemas/ct/comp/2015-02-01/ct-comp/ct-ref-2015-02-01.xsd","","","","","","","ct-ref-2015-02-01.xsd"
"http://www.govtalk.gov.uk/uk/fr/tax/uk-hmrc-ct-comp/2015-02-01","http://www.hmrc.gov.uk/schemas/ct/comp/2015-02-01/ct-comp/ct-comp-2015-02-01.xsd","","","","","","","ct-comp-2015-02-01.xsd"
"http://www.govtalk.gov.uk/uk/fr/tax/uk-hmrc-ct-types/2015-02-01","http://www.hmrc.gov.uk/schemas/ct/comp/2015-02-01/ct-comp/ct-types-2015-02-01.xsd","","","","","","","ct-types-2015-02-01.xsd"
"","","","","","","","","ct-comp-2015-02-01-reference.xml"
"","","","","","","","","ct-comp-2015-02-01-label.xml"
"","","","","","","","","ct-comp-2015-02-01-definition-mandatoryItems.xml"
"http://www.govtalk.gov.uk/uk/fr/tax/uk-hmrc-ct/2015-02-01","http://www.hmrc.gov.uk/schemas/ct/comp/2015-02-01/ct-2015-02-01.xsd","","","","","","ct-2015-02-01.xsd"
"","","","","","combined/"
"","","","","","","2015-02-01/"
"http://www.govtalk.gov.uk/uk/fr/tax/uk-hmrc-ct-comp-full-gaap-dpl/2015-02-01","http://www.hmrc.gov.uk/schemas/ct/combined/2015-02-01/ct-comp-full-gaap-dpl-2015-02-01.xsd","","","","","","ct-comp-full-gaap-dpl-2015-02-01.xsd"
"http://www.govtalk.gov.uk/uk/fr/tax/uk-hmrc-ct-comp-dpl-ifrs-main/2015-02-01","http://www.hmrc.gov.uk/schemas/ct/combined/2015-02-01/ct-comp-dpl-ifrs-main-2015-02-01.xsd","","","","","","ct-comp-dpl-ifrs-main-2015-02-01.xsd"
"http://www.govtalk.gov.uk/uk/fr/tax/uk-hmrc-ct-comp-full-ifrs-dpl/2015-02-01","http://www.hmrc.gov.uk/schemas/ct/combined/2015-02-01/ct-comp-full-ifrs-dpl-2015-02-01.xsd","","","","","","ct-comp-full-ifrs-dpl-2015-02-01.xsd"
"http://www.govtalk.gov.uk/uk/fr/tax/uk-hmrc-ct-comp-dpl-gaap-main/2015-02-01","http://www.hmrc.gov.uk/schemas/ct/combined/2015-02-01/ct-comp-dpl-gaap-main-2015-02-01.xsd","","","","","","ct-comp-dpl-gaap-main-2015-02-01.xsd"
"http://www.govtalk.gov.uk/uk/fr/tax/uk-hmrc-ct-comp-min-gaap-dpl/2015-02-01","http://www.hmrc.gov.uk/schemas/ct/combined/2015-02-01/ct-comp-min-gaap-dpl-2015-02-01.xsd","","","","","","ct-comp-min-gaap-dpl-2015-02-01.xsd"
"http://www.govtalk.gov.uk/uk/fr/tax/uk-hmrc-ct-comp-char-dpl/2015-02-01","http://www.hmrc.gov.uk/schemas/ct/combined/2015-02-01/ct-comp-char-dpl-2015-02-01.xsd","","","","","","ct-comp-char-dpl-2015-02-01.xsd"
"","","","","","","2013-10-01/"
"http://www.govtalk.gov.uk/uk/fr/tax/min-gaap-dpl/2013-10-01","http://www.hmrc.gov.uk/schemas/ct/combined/2013-10-01/min-gaap-dpl-2013-10-01.xsd","","","","","","min-gaap-dpl-2013-10-01.xsd"
"http://www.govtalk.gov.uk/uk/fr/tax/full-ifrs-dpl/2013-10-01","http://www.hmrc.gov.uk/schemas/ct/combined/2013-10-01/full-ifrs-dpl-2013-10-01.xsd","","","","","","full-ifrs-dpl-2013-10-01.xsd"
"http://www.govtalk.gov.uk/uk/fr/tax/char-dpl/2013-10-01","http://www.hmrc.gov.uk/schemas/ct/combined/2013-10-01/char-dpl-2013-10-01.xsd","","","","","","char-dpl-2013-10-01.xsd"
"http://www.govtalk.gov.uk/uk/fr/tax/full-gaap-dpl/2013-10-01","http://www.hmrc.gov.uk/schemas/ct/combined/2013-10-01/full-gaap-dpl-2013-10-01.xsd","","","","","","full-gaap-dpl-2013-10-01.xsd"
"","","","","","dpl/"
"","","","","","","2013-10-01/"
"","","","","","","","dpl-core/"
"","","","","","","","","2013-10-01/"
"","","","","","","","","","dpl-2013-10-01-label.xml"
"http://www.govtalk.gov.uk/uk/fr/tax/dpl-core/2013-10-01","http://www.hmrc.gov.uk/schemas/ct/dpl/2013-10-01/dpl-core/2013-10-01/dpl-2013-10-01.xsd","","","","","","","","dpl-2013-10-01.xsd"
"","","","","","","","","","dpl-2013-10-01-presentation.xml"
"","","","","","","","","","dpl-2013-10-01-definition.xml"
"","","","","","","","dpl-ifrs/"
"","","","","","","","","2013-10-01/"
"","","","","","","","","","dpl-ifrs-2013-10-01-presentation.xml"
"http://www.govtalk.gov.uk/uk/fr/tax/dpl-ifrs/2013-10-01","http://www.hmrc.gov.uk/schemas/ct/dpl/2013-10-01/dpl-ifrs/2013-10-01/dpl-ifrs-2013-10-01.xsd","","","","","","","","dpl-ifrs-2013-10-01.xsd"
"","","","","","","","","","dpl-ifrs-2013-10-01-label.xml"
"","","","","","","","","","dpl-ifrs-2013-10-01-definition.xml"
"","","","","","","","dpl-gaap/"
"","","","","","","","","2013-10-01/"
"","","","","","","","","","dpl-gaap-2013-10-01-label.xml"
"http://www.govtalk.gov.uk/uk/fr/tax/dpl-gaap/2013-10-01","http://www.hmrc.gov.uk/schemas/ct/dpl/2013-10-01/dpl-gaap/2013-10-01/dpl-gaap-2013-10-01.xsd","","","","","","","","dpl-gaap-2013-10-01.xsd"
"","","","","","","","","","dpl-gaap-2013-10-01-presentation.xml"
"","","","","","","","","","dpl-gaap-2013-10-01-definition.xml"
"http://www.govtalk.gov.uk/uk/fr/tax/dpl-ifrs-main/2013-10-01","http://www.hmrc.gov.uk/schemas/ct/dpl/2013-10-01/dpl-ifrs-main-2013-10-01.xsd","","","","","","dpl-ifrs-main-2013-10-01.xsd"
"http://www.govtalk.gov.uk/uk/fr/tax/dpl-gaap-main/2013-10-01","http://www.hmrc.gov.uk/schemas/ct/dpl/2013-10-01/dpl-gaap-main-2013-10-01.xsd","","","","","","dpl-gaap-main-2013-10-01.xsd"
"","",".taxonomyPackage.xml"
